{
  "Rock Café": [50.0820272, 14.4185117],
  "Lucerna Music Bar": [50.0814122, 14.4252939],
  "Klub 007 Strahov": [50.0808822, 14.39256],
  "Cross Club": [50.1081669, 14.4431722],
  "Palác Akropolis": [50.0823061, 14.4489086],
  "Vagon": [50.0824339, 14.4182136],
  "Café v lese": [50.0714369, 14.4483803],
  "Futurum Music Bar": [50.0741167, 14.4078039],
  "Kaštan": [50.0835564, 14.3608114],
  "MeetFactory": [50.0532436, 14.4082886],
  "Roxy": [50.0906939, 14.4258803],
  "Atrium Žižkov": [50.0818794, 14.4530956],
  "Forum Karlín": [50.0914764, 14.4550094],
  "Jazz Dock": [50.0773519, 14.4083858],
  "Reduta Jazz Club": [50.0820272, 14.4185117],
  "Archa+": [50.0897103, 14.4339419],
  "Energy Pub": [50.0808375, 14.4427186],
  "Areál7 Holešovice": [50.1094, 14.4331589],
  "Malostranská Beseda": [50.0883231, 14.4047658],
  "Sala Terrena": [50.0844153, 14.4076678],
  "Modrá Vopice": [50.0993969, 14.4937433],
  "Music Club Jižák": [50.0370839, 14.5148275],
  "Cargo Gallery": [50.0719522, 14.4109022],
  "SaSaZu": [50.0993567, 14.4446178],
  "O2 Arena": [50.1048028, 14.4935678],
  "Prague Congress Centre": [50.0619603, 14.4286122],
  "Sportovní hala Fortuna": [50.1069286, 14.4332264],
  "Fuchs2": [50.0953283, 14.4364386],
  "Baden Baden": [50.0967733, 14.4446889],
  "Bike Jesus": [50.0953283, 14.4364386],
  "Subzero": [50.0656236, 14.40775],
  "Klub Varšava": [50.0714169, 14.4410414],
  "KC Zahrada": [50.0249211, 14.4935917],
  "Chodovská tvrz": [50.03463, 14.4990133],
  "Čítárna Unijazz": [50.0871864, 14.4411339],
  "Klubovna Povaleč": [50.0982614, 14.3885369],
  "Salmovská literární kavárna": [50.0750158, 14.4225206]
}
